36f8274f,Long grain & wild rice,2887
d70d1414,Italian sausage & potato flavored hearty soup,8727
d41377ea,Deli caribbean-style chicken breast salad with mango chutney and roasted red peppers,5792
3b448f49,"Bush,s Best Homestyle Baked Beans",9329
da356672,Progresso Gluten Free Chicken & Rice Noodle Soup,3069
771a8189,Original premium shells & cheese,5850
5606f841,Southwest vegetable soup,7408
2377d14d,New orleans style dirty rice mix,5081
dcec6f55,Cheddar shell pasta & cheese sauce,2967
b5808f8,Rice medley rice pilaf rice & pasta mix with herbs & seasoning,9327
b6d69bfa,Tuna salad made with yellowfin tuna wild caught,8412
a48327da,"Paprika,s poivrons grillés",9139
1d44db90,Roasted garlic pasta & pesto sauce,2353
b0944c1f,Hb Vt,8926
4db03ebc,Beef with vegetables chunky soup,6339
c8cea6e8,Ready to serve multi-grain medley brown rice,6780
7b7a7248,Three cheese mini mozzarella,2553
7eeb79ef,Cream of chicken condensed soup,1581
8da7917f,Thick chili con carne with beans,9623
3a833b7d,Thin & crispy four cheese a blend of real mozzarella,8985
50553805,Pizza,2240
690e8593,Great value,9830
7812a47,Onion mix for soups,5573
fcc35f9,Noodle soup,1520
cc171559,Tomato condensed soup,5045
d34e41e5,Ranch and bacon pasta salad kit,1319
63a86a96,Progresso Vegetable Classics Lentil with Roasted Vegetables Soup,1770
ac8112cb,Zesty margherita fusion grain blends,375
17543175,New england style clam chowder chunky soup,3961
50553805,Pizza,2240
40736307,Chicken broth base & seasoning,4105
61cf9e7c,Red baron,6857
c122ae6f,Classics fully cooked oven roasted turkey breast with broth,5970
79787e4a,Parmesan Couscous Mix,9813
18e6df50,Cilantro lime a blend of lentils,3643
a48327da,"Paprika,s poivrons grillés",9139
23bf2090,Honey mustard chicken salad,8439
811c9dc5,,6708
31c3ca5a,Organic lentil soups,5377
d0892ddf,Margherita mozzarella cheese,1392
def3c5e4,Margherita wood fired pizza,8065
e15a155,Chili with beans,8921
99eaff49,Chicken broth,5095
b6c4ff46,Five cheese thin & crispy crust pizza,3781
d62fcbc4,"Brewery inspired lion,s choice roast beef style pizza",7076
fc5de8c5,Vegetable broth,3146
25eaefff,Organic broth,4275
690e8593,Great value,9523
b20016dc,Good & gather creamy tomato basil soup with hints,328
d343222d,Uncured pepperoni,2607
b0944c1f,Hb Vt,8926
2314171,Progresso Vegetable Broth,2819
ccd36ecc,Cheese & pepperoni mini bagels topped with cheese,8570
cb7f5b68,Spanish style brown rice with bell peppers and white beans,1697
693fac8,Classic mashed potatoes,1528
ae2438c0,Organic steamed white rice pouch,9497
3e46035,Yellow rice long grain rice lightly seasoned with bell peppers,8685
c90e8092,"Campbell,s chunky soup chicken & pasta",1298
d6e2c22d,Arugula wood fired pizza,5366
681e8060,Fat free ready to serve beef broth,9580
fff61779,Seafood salad,8035
13bb9510,Pepperoni pizza topped with pepperoni slices,556
e1785c4c,"Road,s end",1592
edd3a2dc,Fully cooked elbow pasta,10479
a28b45ef,"Campbell,s condensed soup chicken & pasta",6761
11ec581d,Condensed soup,2083
4291c886,Formula 1 sostituto del pasto Fragola dealight 550 g alimenti Herbalife,323
7eeb79ef,Cream of chicken condensed soup,1557
93ce19ff,98% fat free cream of mushroom condensed soup,8169
b306c8b9,Gluten-free famous gourmet pizza,6731
d8af4b26,Mediterranean style supreme chicken sausage,7011
1b201398,"Franco,s pasta salad",7133
